01-12345678,加藤,カトウ,kato,平社員,female,第１チーム,kato123@gngs.co.jp,1234,080-1234-5678,2020/07/09
02-23456789,高橋,タカハシ,takahasi,平社員,male,第2チーム,takahasi1@gngs.jp,password,080-1234-5678,2020/07/09
03-34567890,高田,タカタ,takata,平社員,female,第3チーム,takata1@gngs.co.jp,password,080-1234-5678,2020/07/09
04-45678901,平野,ヒラノ,hirano,平社員,male,第4チーム,hirano1@gngs.co.jp,password,080-1234-5678,2020/07/09
05-45678901,平野,ヒラノ,hirano,平社員,male,第4チーム,hirano1@gngs.co.jp,password,080-1234-5678,2020/07/09
06-12345678,加藤,カトウ,kato,平社員,female,第１チーム,kato123@gngs.co.jp,1234,080-1234-5678,2020/07/09
07-23456789,高橋,タカハシ,takahasi,平社員,male,第2チーム,takahasi1@gngs.co.jp,password,080-1234-5678,2020/07/09
08-34567890,高田,タカタ,takata,平社員,female,第3チーム,takata1@gngs.co.jp,password,080-1234-5678,2020/07/09
09-45678901,平野,ヒラノ,hirano,平社員,male,第4チーム,hirano1@gngs.co.jp,password,080-1234-5678,2020/07/09
10-45678901,平野,ヒラノ,hirano,平社員,male,第4チーム,hirano1@gngs.co.jp,password,080-1234-5678,2020/07/09
11-12345678,加藤,カトウ,kato,平社員,female,第１チーム,kato123@gngs.co.jp,1234,080-1234-5678,2020/07/09
12-23456789,高橋,タカハシ,takahasi,平社員,male,第2チーム,takahasi1@gngs.co.jp,password,080-1234-5678,2020/07/09
13-34567890,高田,タカタ,takata,平社員,female,第3チーム,takata1@gngs.co.jp,password,080-1234-5678,2020/07/09
14-45678901,平野,ヒラノ,hirano,平社員,male,第4チーム,hirano1@gngs.co.jp,password,080-1234-5678,2020/07/09
15-45678901,平野,ヒラノ,hirano,平社員,male,第4チーム,hirano1@gngs.co.jp,password,080-1234-5678,2020/07/09
16-12345678,加藤,カトウ,kato,平社員,female,第１チーム,kato123@gngs.co.jp,1234,080-1234-5678,2020/07/09
17-23456789,高橋,タカハシ,takahasi,平社員,male,第2チーム,takahasi1@gngs.co.jp,password,080-1234-5678,2020/07/09
18-34567890,高田,タカタ,takata,平社員,female,第3チーム,takata1@gngs.co.jp,password,080-1234-5678,2020/07/09
19-45678901,平野,ヒラノ,hirano,平社員,male,第4チーム,hirano1@gngs.co.jp,password,080-1234-5678,2020/07/09
20-45678901,平野,ヒラノ,hirano,平社員,male,第4チーム,hirano1@gngs.co.jp,password,080-1234-5678,2020/07/09
21-12345678,加藤,カトウ,kato,平社員,female,第１チーム,kato123@gngs.co.jp,1234,080-1234-5678,2020/07/09
22-23456789,高橋,タカハシ,takahasi,平社員,male,第2チーム,takahasi1@gngs.co.jp,password,080-1234-5678,2020/07/09
23-34567890,高田,タカタ,takata,平社員,female,第3チーム,takata1@gngs.co.jp,password,080-1234-5678,2020/07/09
24-45678901,平野,ヒラノ,hirano,平社員,male,第4チーム,hirano1@gngs.co.jp,password,080-1234-5678,2020/07/09
25-45678901,平野,ヒラノ,hirano,平社員,male,第4チーム,hirano1@gngs.co.jp,password,080-1234-5678,2020/07/09
26-12345678,加藤,カトウ,kato,平社員,female,第１チーム,kato123@gngs.co.jp,1234,080-1234-5678,2020/07/09
27-23456789,高橋,タカハシ,takahasi,平社員,male,第2チーム,takahasi1@gngs.co.jp,password,080-1234-5678,2020/07/09
28-34567890,高田,タカタ,takata,平社員,female,第3チーム,takata1@gngs.co.jp,password,080-1234-5678,2020/07/09
29-45678901,平野,ヒラノ,hirano,平社員,male,第4チーム,hirano1@gngs.co.jp,password,080-1234-5678,2020/07/09
30-45678901,平野,ヒラノ,hirano,平社員,male,第4チーム,hirano1@gngs.co.jp,password,080-1234-5678,2020/07/09
31-12345678,加藤,カトウ,kato,平社員,female,第１チーム,kato123@gngs.co.jp,1234,080-1234-5678,2020/07/09
32-23456789,高橋,タカハシ,takahasi,平社員,male,第2チーム,takahasi1@gngs.co.jp,password,080-1234-5678,2020/07/09
33-34567890,高田,タカタ,takata,平社員,female,第3チーム,takata1@gngs.co.jp,password,080-1234-5678,2020/07/09
34-45678901,平野,ヒラノ,hirano,平社員,male,第4チーム,hirano1@gngs.co.jp,password,080-1234-5678,2020/07/09
35-45678901,平野,ヒラノ,hirano,平社員,male,第4チーム,hirano1@gngs.co.jp,password,080-1234-5678,2020/07/09
